{"data": {"timelines": [{"timestep": "1h", "endTime": "2024-10-16T03:00:00Z", "startTime": "2024-10-11T03:00:00Z", "intervals": [{"startTime": "2024-10-11T03:00:00Z", "values": {"humidity": 85, "temperature": 16.88, "windSpeed": 1.88}}, {"startTime": "2024-10-11T04:00:00Z", "values": {"humidity": 85.74, "temperature": 15.73, "windSpeed": 1.53}}, {"startTime": "2024-10-11T05:00:00Z", "values": {"humidity": 88.51, "temperature": 15.35, "windSpeed": 0.91}}, {"startTime": "2024-10-11T06:00:00Z", "values": {"humidity": 88.14, "temperature": 15.35, "windSpeed": 0.28}}, {"startTime": "2024-10-11T07:00:00Z", "values": {"humidity": 91.12, "temperature": 14.83, "windSpeed": 0.2}}, {"startTime": "2024-10-11T08:00:00Z", "values": {"humidity": 94.19, "temperature": 14.33, "windSpeed": 0.38}}, {"startTime": "2024-10-11T09:00:00Z", "values": {"humidity": 95.49, "temperature": 14.09, "windSpeed": 0.56}}, {"startTime": "2024-10-11T10:00:00Z", "values": {"humidity": 97.27, "temperature": 13.73, "windSpeed": 0.65}}, {"startTime": "2024-10-11T11:00:00Z", "values": {"humidity": 98.07, "temperature": 13.67, "windSpeed": 0.38}}, {"startTime": "2024-10-11T12:00:00Z", "values": {"humidity": 93.77, "temperature": 14.47, "windSpeed": 0.63}}, {"startTime": "2024-10-11T13:00:00Z", "values": {"humidity": 84.05, "temperature": 16.2, "windSpeed": 1.48}}, {"startTime": "2024-10-11T14:00:00Z", "values": {"humidity": 74.19, "temperature": 18.09, "windSpeed": 2.59}}, {"startTime": "2024-10-11T15:00:00Z", "values": {"humidity": 68.17, "temperature": 19.27, "windSpeed": 3.62}}, {"startTime": "2024-10-11T16:00:00Z", "values": {"humidity": 66.92, "temperature": 19.48, "windSpeed": 4.07}}, {"startTime": "2024-10-11T17:00:00Z", "values": {"humidity": 66.46, "temperature": 19.57, "windSpeed": 3.81}}, {"startTime": "2024-10-11T18:00:00Z", "values": {"humidity": 63.19, "temperature": 20.18, "windSpeed": 3.51}}, {"startTime": "2024-10-11T19:00:00Z", "values": {"humidity": 63.43, "temperature": 20.14, "windSpeed": 3.95}}, {"startTime": "2024-10-11T20:00:00Z", "values": {"humidity": 65.92, "temperature": 19.42, "windSpeed": 3.99}}, {"startTime": "2024-10-11T21:00:00Z", "values": {"humidity": 68.53, "temperature": 18.76, "windSpeed": 3.6}}, {"startTime": "2024-10-11T22:00:00Z", "values": {"humidity": 73.71, "temperature": 17.7, "windSpeed": 3.1}}, {"startTime": "2024-10-11T23:00:00Z", "values": {"humidity": 81.89, "temperature": 16.17, "windSpeed": 2.53}}, {"startTime": "2024-10-12T00:00:00Z", "values": {"humidity": 85.75, "temperature": 15.5, "windSpeed": 1.57}}, {"startTime": "2024-10-12T01:00:00Z", "values": {"humidity": 86.07, "temperature": 15.46, "windSpeed": 1.25}}, {"startTime": "2024-10-12T02:00:00Z", "values": {"humidity": 85.38, "temperature": 15.58, "windSpeed": 0.68}}, {"startTime": "2024-10-12T03:00:00Z", "values": {"humidity": 84.55, "temperature": 15.69, "windSpeed": 1.01}}, {"startTime": "2024-10-12T04:00:00Z", "values": {"humidity": 84.52, "temperature": 15.61, "windSpeed": 1.07}}, {"startTime": "2024-10-12T05:00:00Z", "values": {"humidity": 86.13, "temperature": 15.32, "windSpeed": 1.06}}, {"startTime": "2024-10-12T06:00:00Z", "values": {"humidity": 87.73, "temperature": 14.97, "windSpeed": 0.63}}, {"startTime": "2024-10-12T07:00:00Z", "values": {"humidity": 89.75, "temperature": 14.59, "windSpeed": 0.21}}, {"startTime": "2024-10-12T08:00:00Z", "values": {"humidity": 92.73, "temperature": 14.11, "windSpeed": 0.23}}, {"startTime": "2024-10-12T09:00:00Z", "values": {"humidity": 95.3, "temperature": 13.63, "windSpeed": 0.9}}, {"startTime": "2024-10-12T10:00:00Z", "values": {"humidity": 96.04, "temperature": 13.36, "windSpeed": 1.27}}, {"startTime": "2024-10-12T11:00:00Z", "values": {"humidity": 92.72, "temperature": 14.02, "windSpeed": 0.86}}, {"startTime": "2024-10-12T12:00:00Z", "values": {"humidity": 85.4, "temperature": 15.1, "windSpeed": 0.56}}, {"startTime": "2024-10-12T13:00:00Z", "values": {"humidity": 74.68, "temperature": 16.94, "windSpeed": 1.25}}, {"startTime": "2024-10-12T14:00:00Z", "values": {"humidity": 67.22, "temperature": 18.53, "windSpeed": 2.32}}, {"startTime": "2024-10-12T15:00:00Z", "values": {"humidity": 62.92, "temperature": 19.68, "windSpeed": 2.99}}, {"startTime": "2024-10-12T16:00:00Z", "values": {"humidity": 60.39, "temperature": 20.45, "windSpeed": 3.51}}, {"startTime": "2024-10-12T17:00:00Z", "values": {"humidity": 59.72, "temperature": 20.69, "windSpeed": 4.09}}, {"startTime": "2024-10-12T18:00:00Z", "values": {"humidity": 59.41, "temperature": 20.79, "windSpeed": 3.8}}, {"startTime": "2024-10-12T19:00:00Z", "values": {"humidity": 60.49, "temperature": 20.65, "windSpeed": 4.29}}, {"startTime": "2024-10-12T20:00:00Z", "values": {"humidity": 62.91, "temperature": 20.03, "windSpeed": 4.13}}, {"startTime": "2024-10-12T21:00:00Z", "values": {"humidity": 66.05, "temperature": 19.41, "windSpeed": 4.36}}, {"startTime": "2024-10-12T22:00:00Z", "values": {"humidity": 71.99, "temperature": 18.08, "windSpeed": 4.23}}, {"startTime": "2024-10-12T23:00:00Z", "values": {"humidity": 77.22, "temperature": 17.03, "windSpeed": 3.43}}, {"startTime": "2024-10-13T00:00:00Z", "values": {"humidity": 79.25, "temperature": 16.74, "windSpeed": 2.97}}, {"startTime": "2024-10-13T01:00:00Z", "values": {"humidity": 80.46, "temperature": 16.58, "windSpeed": 2.32}}, {"startTime": "2024-10-13T02:00:00Z", "values": {"humidity": 80.64, "temperature": 16.56, "windSpeed": 1.93}}, {"startTime": "2024-10-13T03:00:00Z", "values": {"humidity": 81.82, "temperature": 16.32, "windSpeed": 2}}, {"startTime": "2024-10-13T04:00:00Z", "values": {"humidity": 82.93, "temperature": 16.01, "windSpeed": 1.63}}, {"startTime": "2024-10-13T05:00:00Z", "values": {"humidity": 83.65, "temperature": 15.79, "windSpeed": 1.87}}, {"startTime": "2024-10-13T06:00:00Z", "values": {"humidity": 82.45, "temperature": 15.96, "windSpeed": 1.36}}, {"startTime": "2024-10-13T07:00:00Z", "values": {"humidity": 82.56, "temperature": 15.84, "windSpeed": 1.5}}, {"startTime": "2024-10-13T08:00:00Z", "values": {"humidity": 82.44, "temperature": 15.86, "windSpeed": 1.44}}, {"startTime": "2024-10-13T09:00:00Z", "values": {"humidity": 83.83, "temperature": 15.55, "windSpeed": 1.54}}, {"startTime": "2024-10-13T10:00:00Z", "values": {"humidity": 84.87, "temperature": 15.36, "windSpeed": 1.79}}, {"startTime": "2024-10-13T11:00:00Z", "values": {"humidity": 85.75, "temperature": 15.26, "windSpeed": 1.46}}, {"startTime": "2024-10-13T12:00:00Z", "values": {"humidity": 85.03, "temperature": 15.37, "windSpeed": 1.87}}, {"startTime": "2024-10-13T13:00:00Z", "values": {"humidity": 80.16, "temperature": 16.29, "windSpeed": 1.43}}, {"startTime": "2024-10-13T14:00:00Z", "values": {"humidity": 78.3, "temperature": 16.6, "windSpeed": 2.11}}, {"startTime": "2024-10-13T15:00:00Z", "values": {"humidity": 62.61, "temperature": 20, "windSpeed": 3.06}}, {"startTime": "2024-10-13T16:00:00Z", "values": {"humidity": 58.88, "temperature": 21.1, "windSpeed": 4.08}}, {"startTime": "2024-10-13T17:00:00Z", "values": {"humidity": 57.47, "temperature": 21.61, "windSpeed": 4.05}}, {"startTime": "2024-10-13T18:00:00Z", "values": {"humidity": 58.39, "temperature": 21.44, "windSpeed": 4.61}}, {"startTime": "2024-10-13T19:00:00Z", "values": {"humidity": 61.88, "temperature": 20.47, "windSpeed": 4.88}}, {"startTime": "2024-10-13T20:00:00Z", "values": {"humidity": 62.67, "temperature": 20.37, "windSpeed": 4.62}}, {"startTime": "2024-10-13T21:00:00Z", "values": {"humidity": 69.7, "temperature": 18.88, "windSpeed": 4.46}}, {"startTime": "2024-10-13T22:00:00Z", "values": {"humidity": 74.52, "temperature": 17.81, "windSpeed": 4.06}}, {"startTime": "2024-10-13T23:00:00Z", "values": {"humidity": 78.51, "temperature": 16.97, "windSpeed": 3.42}}, {"startTime": "2024-10-14T00:00:00Z", "values": {"humidity": 80.54, "temperature": 16.56, "windSpeed": 2.55}}, {"startTime": "2024-10-14T01:00:00Z", "values": {"humidity": 80.7, "temperature": 16.53, "windSpeed": 2.01}}, {"startTime": "2024-10-14T02:00:00Z", "values": {"humidity": 80.49, "temperature": 16.51, "windSpeed": 1.44}}, {"startTime": "2024-10-14T03:00:00Z", "values": {"humidity": 80.36, "temperature": 16.51, "windSpeed": 1.8}}, {"startTime": "2024-10-14T04:00:00Z", "values": {"humidity": 80.09, "temperature": 16.53, "windSpeed": 1.44}}, {"startTime": "2024-10-14T05:00:00Z", "values": {"humidity": 80.59, "temperature": 16.47, "windSpeed": 1.58}}, {"startTime": "2024-10-14T06:00:00Z", "values": {"humidity": 82.01, "temperature": 16.24, "windSpeed": 1.82}}, {"startTime": "2024-10-14T07:00:00Z", "values": {"humidity": 84.09, "temperature": 15.91, "windSpeed": 1.94}}, {"startTime": "2024-10-14T08:00:00Z", "values": {"humidity": 82.76, "temperature": 16.1, "windSpeed": 1.55}}, {"startTime": "2024-10-14T09:00:00Z", "values": {"humidity": 81.83, "temperature": 16.29, "windSpeed": 1.43}}, {"startTime": "2024-10-14T10:00:00Z", "values": {"humidity": 83.44, "temperature": 16.08, "windSpeed": 1.21}}, {"startTime": "2024-10-14T11:00:00Z", "values": {"humidity": 81.82, "temperature": 16.42, "windSpeed": 1.13}}, {"startTime": "2024-10-14T12:00:00Z", "values": {"humidity": 78.96, "temperature": 17.05, "windSpeed": 2.15}}, {"startTime": "2024-10-14T13:00:00Z", "values": {"humidity": 78.47, "temperature": 17.24, "windSpeed": 2.34}}, {"startTime": "2024-10-14T14:00:00Z", "values": {"humidity": 72.67, "temperature": 18.32, "windSpeed": 2.24}}, {"startTime": "2024-10-14T15:00:00Z", "values": {"humidity": 68.43, "temperature": 19.2, "windSpeed": 3.38}}, {"startTime": "2024-10-14T16:00:00Z", "values": {"humidity": 66.77, "temperature": 19.58, "windSpeed": 3.7}}, {"startTime": "2024-10-14T17:00:00Z", "values": {"humidity": 64.23, "temperature": 20.05, "windSpeed": 2.91}}, {"startTime": "2024-10-14T18:00:00Z", "values": {"humidity": 57.32, "temperature": 21.51, "windSpeed": 3.31}}, {"startTime": "2024-10-14T19:00:00Z", "values": {"humidity": 56.87, "temperature": 21.58, "windSpeed": 3.63}}, {"startTime": "2024-10-14T20:00:00Z", "values": {"humidity": 58.61, "temperature": 21.18, "windSpeed": 3.39}}, {"startTime": "2024-10-14T21:00:00Z", "values": {"humidity": 60.28, "temperature": 20.79, "windSpeed": 3.71}}, {"startTime": "2024-10-14T22:00:00Z", "values": {"humidity": 66.57, "temperature": 19.45, "windSpeed": 3.82}}, {"startTime": "2024-10-14T23:00:00Z", "values": {"humidity": 69.98, "temperature": 18.76, "windSpeed": 2.7}}, {"startTime": "2024-10-15T00:00:00Z", "values": {"humidity": 70.52, "temperature": 18.66, "windSpeed": 2.04}}, {"startTime": "2024-10-15T01:00:00Z", "values": {"humidity": 71.71, "temperature": 18.46, "windSpeed": 2.05}}, {"startTime": "2024-10-15T02:00:00Z", "values": {"humidity": 75.05, "temperature": 17.79, "windSpeed": 1.92}}, {"startTime": "2024-10-15T03:00:00Z", "values": {"humidity": 75.1, "temperature": 17.77, "windSpeed": 1.76}}, {"startTime": "2024-10-15T04:00:00Z", "values": {"humidity": 79.46, "temperature": 16.91, "windSpeed": 2.19}}, {"startTime": "2024-10-15T05:00:00Z", "values": {"humidity": 79.74, "temperature": 16.81, "windSpeed": 1.66}}, {"startTime": "2024-10-15T06:00:00Z", "values": {"humidity": 80.59, "temperature": 16.62, "windSpeed": 2}}, {"startTime": "2024-10-15T07:00:00Z", "values": {"humidity": 81.97, "temperature": 16.35, "windSpeed": 1.7}}, {"startTime": "2024-10-15T08:00:00Z", "values": {"humidity": 83, "temperature": 16.14, "windSpeed": 1.7}}, {"startTime": "2024-10-15T09:00:00Z", "values": {"humidity": 82.33, "temperature": 16.23, "windSpeed": 1.66}}, {"startTime": "2024-10-15T10:00:00Z", "values": {"humidity": 85.15, "temperature": 15.71, "windSpeed": 1.48}}, {"startTime": "2024-10-15T11:00:00Z", "values": {"humidity": 84.5, "temperature": 15.71, "windSpeed": 1.13}}, {"startTime": "2024-10-15T12:00:00Z", "values": {"humidity": 81.48, "temperature": 16.17, "windSpeed": 1.2}}, {"startTime": "2024-10-15T13:00:00Z", "values": {"humidity": 76.03, "temperature": 17.21, "windSpeed": 1.54}}, {"startTime": "2024-10-15T14:00:00Z", "values": {"humidity": 68.85, "temperature": 18.64, "windSpeed": 2.75}}, {"startTime": "2024-10-15T15:00:00Z", "values": {"humidity": 66.94, "temperature": 19.02, "windSpeed": 3.12}}, {"startTime": "2024-10-15T16:00:00Z", "values": {"humidity": 61.95, "temperature": 20.06, "windSpeed": 3.02}}, {"startTime": "2024-10-15T17:00:00Z", "values": {"humidity": 58.91, "temperature": 20.72, "windSpeed": 4.07}}, {"startTime": "2024-10-15T18:00:00Z", "values": {"humidity": 58.4, "temperature": 20.8, "windSpeed": 3.85}}, {"startTime": "2024-10-15T19:00:00Z", "values": {"humidity": 59, "temperature": 20.68, "windSpeed": 3.81}}, {"startTime": "2024-10-15T20:00:00Z", "values": {"humidity": 59.59, "temperature": 20.55, "windSpeed": 3.78}}, {"startTime": "2024-10-15T21:00:00Z", "values": {"humidity": 60.19, "temperature": 20.43, "windSpeed": 3.75}}, {"startTime": "2024-10-15T22:00:00Z", "values": {"humidity": 64.04, "temperature": 19.62, "windSpeed": 3.42}}, {"startTime": "2024-10-15T23:00:00Z", "values": {"humidity": 67.89, "temperature": 18.81, "windSpeed": 3.08}}, {"startTime": "2024-10-16T00:00:00Z", "values": {"humidity": 71.73, "temperature": 18, "windSpeed": 2.74}}, {"startTime": "2024-10-16T01:00:00Z", "values": {"humidity": 72.06, "temperature": 17.93, "windSpeed": 2.34}}, {"startTime": "2024-10-16T02:00:00Z", "values": {"humidity": 72.38, "temperature": 17.86, "windSpeed": 1.95}}, {"startTime": "2024-10-16T03:00:00Z", "values": {"humidity": 72.7, "temperature": 17.8, "windSpeed": 1.55}}]}]}}